Entity,Code,Year,Nuclear (% growth)
Africa,,1985,35.414017
Africa,,1986,65.625595
Africa,,1987,-29.944342
Africa,,1988,70.14756
Africa,,1989,5.775273
Africa,,1990,-23.876022
Africa,,1991,8.225822
Africa,,1992,1.5748024
Africa,,1993,-21.888458
Africa,,1994,33.659542
Africa,,1995,16.541195
Africa,,1996,4.1943192
Africa,,1997,7.4055314
Africa,,1998,7.5432897
Africa,,1999,-5.6172314
Africa,,2000,1.3476729
Africa,,2001,-17.609531
Africa,,2002,11.866772
Africa,,2003,5.6042075
Africa,,2004,5.5446863
Africa,,2005,-15.506548
Africa,,2006,-11.216629
Africa,,2007,12.876522
Africa,,2008,14.906776
Africa,,2009,-1.5226066
Africa,,2010,5.6301713
Africa,,2011,-4.6203794
Africa,,2012,0.5071521
Africa,,2013,8.780182
Africa,,2014,-2.211815
Africa,,2015,-11.28751
Africa,,2016,22.791529
Africa,,2017,-5.543727
Africa,,2018,-18.410486
Africa,,2019,17.409325
Africa,,2020,2.5998354
Africa,,2021,-25.271654
Africa (BP),,1985,35.414017
Africa (BP),,1986,65.625595
Africa (BP),,1987,-29.944342
Africa (BP),,1988,70.14756
Africa (BP),,1989,5.775273
Africa (BP),,1990,-23.876022
Africa (BP),,1991,8.225822
Africa (BP),,1992,1.5748024
Africa (BP),,1993,-21.888458
Africa (BP),,1994,33.659542
Africa (BP),,1995,16.541195
Africa (BP),,1996,4.1943192
Africa (BP),,1997,7.4055314
Africa (BP),,1998,7.5432897
Africa (BP),,1999,-5.6172314
Africa (BP),,2000,1.3476729
Africa (BP),,2001,-17.609531
Africa (BP),,2002,11.866772
Africa (BP),,2003,5.6042075
Africa (BP),,2004,5.5446863
Africa (BP),,2005,-15.506548
Africa (BP),,2006,-11.216629
Africa (BP),,2007,12.876522
Africa (BP),,2008,14.906776
Africa (BP),,2009,-1.5226066
Africa (BP),,2010,5.6301713
Africa (BP),,2011,-4.6203794
Africa (BP),,2012,0.5071521
Africa (BP),,2013,8.780182
Africa (BP),,2014,-2.211815
Africa (BP),,2015,-11.28751
Africa (BP),,2016,22.791529
Africa (BP),,2017,-5.543727
Africa (BP),,2018,-18.410486
Africa (BP),,2019,17.409325
Africa (BP),,2020,2.5998354
Africa (BP),,2021,-25.271654
Argentina,ARG,1975,142.95366
Argentina,ARG,1976,2.185142
Argentina,ARG,1977,-36.353035
Argentina,ARG,1978,76.90898
Argentina,ARG,1979,-7.044196
Argentina,ARG,1980,-13.075781
Argentina,ARG,1981,20.341885
Argentina,ARG,1982,-33.59375
Argentina,ARG,1983,82.08556
Argentina,ARG,1984,36.29955
Argentina,ARG,1985,24.24047
Argentina,ARG,1986,-0.95386505
Argentina,ARG,1987,13.202596
Argentina,ARG,1988,-10.317099
Argentina,ARG,1989,-13.090717
Argentina,ARG,1990,44.492958
Argentina,ARG,1991,6.5238237
Argentina,ARG,1992,-8.70294
Argentina,ARG,1993,9.4478245
Argentina,ARG,1994,6.2580585
Argentina,ARG,1995,-14.195501
Argentina,ARG,1996,5.5618525
Argentina,ARG,1997,6.7301273
Argentina,ARG,1998,-6.3811064
Argentina,ARG,1999,-4.6558437
Argentina,ARG,2000,-13.073456
Argentina,ARG,2001,14.278782
Argentina,ARG,2002,-17.537891
Argentina,ARG,2003,29.977667
Argentina,ARG,2004,4.0047526
Argentina,ARG,2005,-12.657261
Argentina,ARG,2006,12.338138
Argentina,ARG,2007,-6.048441
Argentina,ARG,2008,1.9299626
Argentina,ARG,2009,10.670805
Argentina,ARG,2010,-11.890501
Argentina,ARG,2011,-11.234397
Argentina,ARG,2012,0.031244755
Argentina,ARG,2013,-3.0459285
Argentina,ARG,2014,-11.164814
Argentina,ARG,2015,27.656878
Argentina,ARG,2016,17.701376
Argentina,ARG,2017,-26.517803
Argentina,ARG,2018,12.877798
Argentina,ARG,2019,22.860872
Argentina,ARG,2020,26.287151
Argentina,ARG,2021,1.5864015
Asia,,1966,2235.9998
Asia,,1967,7.705486
Asia,,1968,65.97774
Asia,,1969,73.06336
Asia,,1970,225.94656
Asia,,1971,53.347992
Asia,,1972,17.451954
Asia,,1973,13.514698
Asia,,1974,82.95028
Asia,,1975,26.558268
Asia,,1976,33.624172
Asia,,1977,-8.707947
Asia,,1978,96.24085
Asia,,1979,23.278463
Asia,,1980,17.65015
Asia,,1981,7.4633
Asia,,1982,16.951
Asia,,1983,19.611942
Asia,,1984,20.277786
Asia,,1985,22.968721
Asia,,1986,6.368828
Asia,,1987,18.383205
Asia,,1988,-5.635226
Asia,,1989,4.396248
Asia,,1990,7.552433
Asia,,1991,6.8011165
Asia,,1992,2.6618123
Asia,,1993,10.814131
Asia,,1994,6.753814
Asia,,1995,10.242391
Asia,,1996,5.6277394
Asia,,1997,6.3797116
Asia,,1998,4.0555
Asia,,1999,1.6809106
Asia,,2000,2.8483868
Asia,,2001,1.3039947
Asia,,2002,2.5522947
Asia,,2003,-11.032856
Asia,,2004,14.73707
Asia,,2005,4.4038653
Asia,,2006,2.6445389
Asia,,2007,-4.073185
Asia,,2008,-2.915293
Asia,,2009,4.617262
Asia,,2010,5.313742
Asia,,2011,-17.021269
Asia,,2012,-28.63611
Asia,,2013,1.1643887
Asia,,2014,7.752776
Asia,,2015,12.735724
Asia,,2016,11.859226
Asia,,2017,5.581403
Asia,,2018,11.80476
Asia,,2019,16.527008
Asia,,2020,1.5519738
Asia,,2021,9.71607
Asia Pacific (BP),,1966,2235.9998
Asia Pacific (BP),,1967,7.705486
Asia Pacific (BP),,1968,65.97774
Asia Pacific (BP),,1969,73.06337
Asia Pacific (BP),,1970,225.94655
Asia Pacific (BP),,1971,53.34798
Asia Pacific (BP),,1972,17.451965
Asia Pacific (BP),,1973,13.514698
Asia Pacific (BP),,1974,82.95028
Asia Pacific (BP),,1975,26.558268
Asia Pacific (BP),,1976,33.624172
Asia Pacific (BP),,1977,-8.707958
Asia Pacific (BP),,1978,96.240875
Asia Pacific (BP),,1979,23.278463
Asia Pacific (BP),,1980,17.650139
Asia Pacific (BP),,1981,7.463312
Asia Pacific (BP),,1982,16.951
Asia Pacific (BP),,1983,19.61193
Asia Pacific (BP),,1984,20.277786
Asia Pacific (BP),,1985,19.95876
Asia Pacific (BP),,1986,7.726383
Asia Pacific (BP),,1987,17.909395
Asia Pacific (BP),,1988,-5.9073806
Asia Pacific (BP),,1989,5.8490753
Asia Pacific (BP),,1990,8.110809
Asia Pacific (BP),,1991,6.613338
Asia Pacific (BP),,1992,2.6910424
Asia Pacific (BP),,1993,10.835707
Asia Pacific (BP),,1994,6.7814946
Asia Pacific (BP),,1995,10.251915
Asia Pacific (BP),,1996,5.138409
Asia Pacific (BP),,1997,6.5324545
Asia Pacific (BP),,1998,4.122424
Asia Pacific (BP),,1999,1.6030669
Asia Pacific (BP),,2000,2.8755784
Asia Pacific (BP),,2001,1.3128281
Asia Pacific (BP),,2002,2.5040746
Asia Pacific (BP),,2003,-11.02665
Asia Pacific (BP),,2004,14.756859
Asia Pacific (BP),,2005,4.3250084
Asia Pacific (BP),,2006,2.671218
Asia Pacific (BP),,2007,-4.0768385
Asia Pacific (BP),,2008,-2.9120982
Asia Pacific (BP),,2009,4.6326876
Asia Pacific (BP),,2010,5.338347
Asia Pacific (BP),,2011,-17.122292
Asia Pacific (BP),,2012,-29.022736
Asia Pacific (BP),,2013,0.34536123
Asia Pacific (BP),,2014,7.925284
Asia Pacific (BP),,2015,13.027466
Asia Pacific (BP),,2016,11.424053
Asia Pacific (BP),,2017,5.5325985
Asia Pacific (BP),,2018,12.158573
Asia Pacific (BP),,2019,16.858315
Asia Pacific (BP),,2020,1.247704
Asia Pacific (BP),,2021,9.055257
Belarus,BLR,2021,1610.0592
Belgium,BEL,1967,1466.6666
Belgium,BEL,1968,-35.10638
Belgium,BEL,1969,-63.93443
Belgium,BEL,1970,159.0909
Belgium,BEL,1971,-100
Belgium,BEL,1973,590.90906
Belgium,BEL,1974,94.73685
Belgium,BEL,1975,4483.7837
Belgium,BEL,1976,47.93632
Belgium,BEL,1977,18.961739
Belgium,BEL,1978,4.8077703
Belgium,BEL,1979,-8.838808
Belgium,BEL,1980,10.011398
Belgium,BEL,1981,2.4703145
Belgium,BEL,1982,21.81351
Belgium,BEL,1983,53.894295
Belgium,BEL,1984,15.087521
Belgium,BEL,1985,24.719751
Belgium,BEL,1986,13.852203
Belgium,BEL,1987,6.531441
Belgium,BEL,1988,2.704513
Belgium,BEL,1989,-4.373354
Belgium,BEL,1990,3.6514044
Belgium,BEL,1991,0.3253579
Belgium,BEL,1992,1.388216
Belgium,BEL,1993,-3.5185099
Belgium,BEL,1994,-3.1077743
Belgium,BEL,1995,1.8018842
Belgium,BEL,1996,4.7876954
Belgium,BEL,1997,9.396351
Belgium,BEL,1998,-2.621919
Belgium,BEL,1999,6.1778307
Belgium,BEL,2000,-1.7544866
Belgium,BEL,2001,-3.7543893
Belgium,BEL,2002,2.1812797
Belgium,BEL,2003,0.040125847
Belgium,BEL,2004,-0.14141798
Belgium,BEL,2005,0.59815645
Belgium,BEL,2006,-1.9960105
Belgium,BEL,2007,3.3915758
Belgium,BEL,2008,-5.513507
Belgium,BEL,2009,3.629744
Belgium,BEL,2010,1.5289545
Belgium,BEL,2011,0.60487986
Belgium,BEL,2012,-16.459352
Belgium,BEL,2013,5.829513
Belgium,BEL,2014,-20.966614
Belgium,BEL,2015,-22.549915
Belgium,BEL,2016,66.73561
Belgium,BEL,2017,-2.9781938
Belgium,BEL,2018,-32.277603
Belgium,BEL,2019,52.196384
Belgium,BEL,2020,-20.882696
Belgium,BEL,2021,46.880974
Brazil,BRA,1985,105.782104
Brazil,BRA,1986,-95.740906
Brazil,BRA,1987,575.69446
Brazil,BRA,1988,-37.51285
Brazil,BRA,1989,200.98686
Brazil,BRA,1990,22.240437
Brazil,BRA,1991,-35.538666
Brazil,BRA,1992,21.983349
Brazil,BRA,1993,-74.872086
Brazil,BRA,1994,-87.55656
Brazil,BRA,1995,4480.0005
Brazil,BRA,1996,-3.6522448
Brazil,BRA,1997,30.572712
Brazil,BRA,1998,3.0293584
Brazil,BRA,1999,21.80704
Brazil,BRA,2000,52.02414
Brazil,BRA,2001,136.17267
Brazil,BRA,2002,-3.1024575
Brazil,BRA,2003,-3.4547627
Brazil,BRA,2004,-13.078302
Brazil,BRA,2005,-15.123594
Brazil,BRA,2006,39.564693
Brazil,BRA,2007,-10.210335
Brazil,BRA,2008,13.10811
Brazil,BRA,2009,-7.241827
Brazil,BRA,2010,12.087334
Brazil,BRA,2011,7.823503
Brazil,BRA,2012,2.4204373
Brazil,BRA,2013,-3.6706328
Brazil,BRA,2014,-0.46102405
Brazil,BRA,2015,-4.1896877
Brazil,BRA,2016,7.6705575
Brazil,BRA,2017,-0.78885555
Brazil,BRA,2018,-0.41494966
Brazil,BRA,2019,2.9025197
Brazil,BRA,2020,-12.872767
Brazil,BRA,2021,4.6396375
Bulgaria,BGR,1975,175.2155
Bulgaria,BGR,1976,95.340645
Bulgaria,BGR,1977,17.939472
Bulgaria,BGR,1978,0.44187307
Bulgaria,BGR,1979,4.568529
Bulgaria,BGR,1980,-0.24271607
Bulgaria,BGR,1981,47.91566
Bulgaria,BGR,1982,17.841864
Bulgaria,BGR,1983,14.628696
Bulgaria,BGR,1984,3.3852935
Bulgaria,BGR,1985,3.1095386
Bulgaria,BGR,1986,-8.080112
Bulgaria,BGR,1987,3.0323148
Bulgaria,BGR,1988,28.899979
Bulgaria,BGR,1989,-9.13288
Bulgaria,BGR,1990,0.67965984
Bulgaria,BGR,1991,-10.098875
Bulgaria,BGR,1992,-12.378639
Bulgaria,BGR,1993,20.95741
Bulgaria,BGR,1994,9.747374
Bulgaria,BGR,1995,12.559498
Bulgaria,BGR,1996,4.756391
Bulgaria,BGR,1997,-1.830554
Bulgaria,BGR,1998,-4.7997236
Bulgaria,BGR,1999,-6.420499
Bulgaria,BGR,2000,14.948773
Bulgaria,BGR,2001,7.5640917
Bulgaria,BGR,2002,3.4214735
Bulgaria,BGR,2003,-14.548511
Bulgaria,BGR,2004,-2.690971
Bulgaria,BGR,2005,10.930717
Bulgaria,BGR,2006,4.503298
Bulgaria,BGR,2007,-24.880732
Bulgaria,BGR,2008,7.662368
Bulgaria,BGR,2009,-3.2286763
Bulgaria,BGR,2010,-0.045883656
Bulgaria,BGR,2011,6.984067
Bulgaria,BGR,2012,-3.242612
Bulgaria,BGR,2013,-10.22349
Bulgaria,BGR,2014,11.963892
Bulgaria,BGR,2015,-3.0728042
Bulgaria,BGR,2016,2.5797486
Bulgaria,BGR,2017,-1.4601052
Bulgaria,BGR,2018,3.7295818
Bulgaria,BGR,2019,2.6667356
Bulgaria,BGR,2020,0.42563677
Bulgaria,BGR,2021,-0.8642137
CIS (BP),,1966,10.926353
CIS (BP),,1967,9.207714
CIS (BP),,1968,39.019608
CIS (BP),,1969,15.937937
CIS (BP),,1970,20.802916
CIS (BP),,1971,22.75932
CIS (BP),,1972,82.52667
CIS (BP),,1973,45.52809
CIS (BP),,1974,49.969112
CIS (BP),,1975,33.340202
CIS (BP),,1976,33.328175
CIS (BP),,1977,33.754204
CIS (BP),,1978,2.8059244
CIS (BP),,1979,13.638282
CIS (BP),,1980,23.995543
CIS (BP),,1981,17.809534
CIS (BP),,1982,15.117216
CIS (BP),,1983,11.113071
CIS (BP),,1984,29.088306
CIS (BP),,1985,-27.269655
CIS (BP),,1986,3.241074
CIS (BP),,1987,19.503117
CIS (BP),,1988,8.209753
CIS (BP),,1989,-1.3673484
CIS (BP),,1990,-14.081258
CIS (BP),,1991,1.8575549
CIS (BP),,1992,-0.3592074
CIS (BP),,1993,-0.38110614
CIS (BP),,1994,-17.915136
CIS (BP),,1995,1.7469287
CIS (BP),,1996,11.532569
CIS (BP),,1997,-0.9268522
CIS (BP),,1998,-4.5370283
CIS (BP),,1999,17.605555
CIS (BP),,2000,7.0737004
CIS (BP),,2001,4.672992
CIS (BP),,2002,3.5912275
CIS (BP),,2003,5.857098
CIS (BP),,2004,-3.5657048
CIS (BP),,2005,3.576386
CIS (BP),,2006,4.5440316
CIS (BP),,2007,2.2219539
CIS (BP),,2008,1.8046737
CIS (BP),,2009,0.32057762
CIS (BP),,2010,4.1116595
CIS (BP),,2011,1.494813
CIS (BP),,2012,2.4819732
CIS (BP),,2013,-2.7674377
CIS (BP),,2014,4.7775507
CIS (BP),,2015,8.206272
CIS (BP),,2016,0.37173033
CIS (BP),,2017,3.3999443
CIS (BP),,2018,0.43572187
CIS (BP),,2019,2.190256
CIS (BP),,2020,3.7053585
CIS (BP),,2021,5.096364
Canada,CAN,1966,34.375
Canada,CAN,1967,-11.046516
Canada,CAN,1968,500
Canada,CAN,1969,-42.37473
Canada,CAN,1970,96.030235
Canada,CAN,1971,311.47546
Canada,CAN,1972,68.994606
Canada,CAN,1973,111.53793
Canada,CAN,1974,-3.6580563
Canada,CAN,1975,-14.466524
Canada,CAN,1976,38.552116
Canada,CAN,1977,51.25171
Canada,CAN,1978,18.449629
Canada,CAN,1979,13.040829
Canada,CAN,1980,7.8279614
Canada,CAN,1981,5.3507566
Canada,CAN,1982,-4.317766
Canada,CAN,1983,26.796568
Canada,CAN,1984,7.405877
Canada,CAN,1985,15.918409
Canada,CAN,1986,17.755817
Canada,CAN,1987,8.410633
Canada,CAN,1988,7.2559237
Canada,CAN,1989,-4.2841616
Canada,CAN,1990,-8.644873
Canada,CAN,1991,16.393805
Canada,CAN,1992,-5.1184535
Canada,CAN,1993,16.57306
Canada,CAN,1994,14.793503
Canada,CAN,1995,-9.263742
Canada,CAN,1996,-5.1892576
Canada,CAN,1997,-11.036843
Canada,CAN,1998,-13.375807
Canada,CAN,1999,2.7994037
Canada,CAN,2000,-0.94041824
Canada,CAN,2001,5.350971
Canada,CAN,2002,-1.5258253
Canada,CAN,2003,-0.8378923
Canada,CAN,2004,20.688427
Canada,CAN,2005,1.82935
Canada,CAN,2006,6.4362884
Canada,CAN,2007,-4.5749307
Canada,CAN,2008,2.715242
Canada,CAN,2009,-6.1745763
Canada,CAN,2010,0.62924623
Canada,CAN,2011,3.232479
Canada,CAN,2012,1.3604641
Canada,CAN,2013,9.042156
Canada,CAN,2014,3.7130713
Canada,CAN,2015,-5.100405
Canada,CAN,2016,-0.37323833
Canada,CAN,2017,-0.12780428
Canada,CAN,2018,-0.56027174
Canada,CAN,2019,0.46265125
Canada,CAN,2020,-2.966702
Canada,CAN,2021,-5.694008
Central America (BP),,1970,-11.764699
Central America (BP),,1971,-6.666672
Central America (BP),,1972,73.809525
Central America (BP),,1973,-36.986298
Central America (BP),,1974,-43.478264
Central America (BP),,1975,-3.8461566
Central America (BP),,1976,-28.000004
Central America (BP),,1977,-100
China,CHN,1994,819.9501
China,CHN,1995,-13.031983
China,CHN,1996,11.727583
China,CHN,1997,0.5579591
China,CHN,1998,-2.2055745
China,CHN,1999,6.021273
China,CHN,2000,11.960661
China,CHN,2001,4.3914676
China,CHN,2002,43.812965
China,CHN,2003,72.49173
China,CHN,2004,16.443645
China,CHN,2005,5.1893234
China,CHN,2006,3.3058286
China,CHN,2007,13.28702
China,CHN,2008,10.082078
China,CHN,2009,2.4218202
China,CHN,2010,6.697619
China,CHN,2011,16.66788
China,CHN,2012,12.750446
China,CHN,2013,13.40785
China,CHN,2014,19.476795
China,CHN,2015,28.645336
China,CHN,2016,24.390675
China,CHN,2017,16.38136
China,CHN,2018,18.90366
China,CHN,2019,18.20339
China,CHN,2020,5.0186396
China,CHN,2021,11.277986
Czechia,CZE,1984,519.5
Czechia,CZE,1985,93.46248
Czechia,CZE,1986,156.52899
Czechia,CZE,1987,74.028305
Czechia,CZE,1988,10.419583
Czechia,CZE,1989,5.0947905
Czechia,CZE,1990,1.3448238
Czechia,CZE,1991,-3.5995245
Czechia,CZE,1992,0.9726405
Czechia,CZE,1993,3.0775547
Czechia,CZE,1994,2.7718425
Czechia,CZE,1995,-5.7563424
Czechia,CZE,1996,5.069506
Czechia,CZE,1997,-2.7704298
Czechia,CZE,1998,5.474627
Czechia,CZE,1999,1.3583183
Czechia,CZE,2000,1.7444015
Czechia,CZE,2001,8.530533
Czechia,CZE,2002,27.044666
Czechia,CZE,2003,38.07037
Czechia,CZE,2004,1.7501593
Czechia,CZE,2005,-6.066924
Czechia,CZE,2006,5.3337097
Czechia,CZE,2007,0.4822135
Czechia,CZE,2008,1.4477253
Czechia,CZE,2009,2.473724
Czechia,CZE,2010,2.8682947
Czechia,CZE,2011,1.0518789
Czechia,CZE,2012,7.2185755
Czechia,CZE,2013,1.3886571
Czechia,CZE,2014,-1.3673663
Czechia,CZE,2015,-11.489243
Czechia,CZE,2016,-10.195666
Czechia,CZE,2017,17.57121
Czechia,CZE,2018,5.581236
Czechia,CZE,2019,1.0858417
Czechia,CZE,2020,-0.67082644
Czechia,CZE,2021,2.289629
Europe,,1966,29.331493
Europe,,1967,15.340364
Europe,,1968,14.994633
Europe,,1969,21.086264
Europe,,1970,9.42359
Europe,,1971,14.918423
Europe,,1972,37.493896
Europe,,1973,14.663768
Europe,,1974,22.721886
Europe,,1975,33.474957
Europe,,1976,19.947231
Europe,,1977,21.934498
Europe,,1978,10.135328
Europe,,1979,11.978949
Europe,,1980,18.464994
Europe,,1981,31.05384
Europe,,1982,11.267567
Europe,,1983,16.456223
Europe,,1984,27.525532
Europe,,1985,18.234528
Europe,,1986,6.192553
Europe,,1987,5.8729053
Europe,,1988,9.7816105
Europe,,1989,4.2934775
Europe,,1990,-1.0190189
Europe,,1991,2.4727702
Europe,,1992,0.5846381
Europe,,1993,3.4515858
Europe,,1994,-2.7713954
Europe,,1995,2.526307
Europe,,1996,6.0135603
Europe,,1997,0.8579016
Europe,,1998,-1.1627555
Europe,,1999,2.172327
Europe,,2000,1.4805079
Europe,,2001,3.340733
Europe,,2002,1.4884591
Europe,,2003,1.4604926
Europe,,2004,0.9732008
Europe,,2005,-0.6096363
Europe,,2006,0.38630962
Europe,,2007,-3.8462877
Europe,,2008,0.1901269
Europe,,2009,-4.0968122
Europe,,2010,2.9263258
Europe,,2011,-0.44540763
Europe,,2012,-1.7714441
Europe,,2013,-1.437819
Europe,,2014,1.2481332
Europe,,2015,-0.82844496
Europe,,2016,-2.1441877
Europe,,2017,0.04233122
Europe,,2018,0.1204133
Europe,,2019,-0.14637113
Europe,,2020,-7.8574657
Europe,,2021,5.856788
Europe (BP),,1966,31.071806
Europe (BP),,1967,15.8311
Europe (BP),,1968,13.182032
Europe (BP),,1969,21.56335
Europe (BP),,1970,8.417881
Europe (BP),,1971,14.146269
Europe (BP),,1972,32.72456
Europe (BP),,1973,10.168409
Europe (BP),,1974,17.479633
Europe (BP),,1975,33.50805
Europe (BP),,1976,16.664959
Europe (BP),,1977,18.621086
Europe (BP),,1978,12.452114
Europe (BP),,1979,11.499453
Europe (BP),,1980,16.836107
Europe (BP),,1981,35.19361
Europe (BP),,1982,10.219013
Europe (BP),,1983,17.976248
Europe (BP),,1984,27.106798
Europe (BP),,1985,31.613504
Europe (BP),,1986,6.2279224
Europe (BP),,1987,4.0726423
Europe (BP),,1988,10.052919
Europe (BP),,1989,4.7973037
Europe (BP),,1990,0.85555315
Europe (BP),,1991,2.6144266
Europe (BP),,1992,0.70005655
Europe (BP),,1993,3.9459467
Europe (BP),,1994,-0.89119077
Europe (BP),,1995,2.6060462
Europe (BP),,1996,5.6544185
Europe (BP),,1997,0.9996772
Europe (BP),,1998,-0.82536936
Europe (BP),,1999,0.63427687
Europe (BP),,2000,0.8041978
Europe (BP),,2001,3.164065
Europe (BP),,2002,1.2429953
Europe (BP),,2003,0.8539438
Europe (BP),,2004,1.6156673
Europe (BP),,2005,-1.1103272
Europe (BP),,2006,-0.19130707
Europe (BP),,2007,-4.71614
Europe (BP),,2008,-0.067681074
Europe (BP),,2009,-4.7773066
Europe (BP),,2010,2.722752
Europe (BP),,2011,-0.76376796
Europe (BP),,2012,-2.5190055
Europe (BP),,2013,-1.1900902
Europe (BP),,2014,0.63016415
Europe (BP),,2015,-2.4613857
Europe (BP),,2016,-2.6952207
Europe (BP),,2017,-0.64156055
Europe (BP),,2018,-0.0072836876
Europe (BP),,2019,-0.6489098
Europe (BP),,2020,-10.404563
Europe (BP),,2021,5.9463263
European Union (27),,1966,22.721268
European Union (27),,1967,18.35307
European Union (27),,1968,15.537369
European Union (27),,1969,50.13119
European Union (27),,1970,46.683563
European Union (27),,1971,30.640448
European Union (27),,1972,56.398212
European Union (27),,1973,16.842115
European Union (27),,1974,16.530657
European Union (27),,1975,68.23857
European Union (27),,1976,17.115795
European Union (27),,1977,23.15321
European Union (27),,1978,19.962513
European Union (27),,1979,12.052643
European Union (27),,1980,21.550941
European Union (27),,1981,43.759144
European Union (27),,1982,9.25275
European Union (27),,1983,19.064463
European Union (27),,1984,30.448437
European Union (27),,1985,22.81729
European Union (27),,1986,10.0855465
European Union (27),,1987,4.146683
European Union (27),,1988,7.559943
European Union (27),,1989,5.439508
European Union (27),,1990,1.0819197
European Union (27),,1991,2.7867436
European Union (27),,1992,0.14019012
European Union (27),,1993,3.0021071
European Union (27),,1994,-0.2718091
European Union (27),,1995,2.844751
European Union (27),,1996,5.0753593
European Union (27),,1997,0.8070111
European Union (27),,1998,-0.7345855
European Union (27),,1999,1.7964959
European Union (27),,2000,1.3742566
European Union (27),,2001,3.3674479
European Union (27),,2002,1.5130162
European Union (27),,2003,0.53726435
European Union (27),,2004,2.3634672
European Union (27),,2005,-1.316303
European Union (27),,2006,-0.20419955
European Union (27),,2007,-4.619527
European Union (27),,2008,1.4615297
European Union (27),,2009,-6.787401
European Union (27),,2010,3.520143
European Union (27),,2011,-1.8955886
European Union (27),,2012,-3.0827105
European Union (27),,2013,-0.702852
European Union (27),,2014,0.78332424
European Union (27),,2015,-3.1704247
European Union (27),,2016,-2.3941457
European Union (27),,2017,-1.1073232
European Union (27),,2018,0.3282547
European Union (27),,2019,0.43758154
European Union (27),,2020,-10.681015
European Union (27),,2021,7.0806503
Finland,FIN,1978,22.669315
Finland,FIN,1979,106.56056
Finland,FIN,1980,4.1666627
Finland,FIN,1981,108.83019
Finland,FIN,1982,14.391029
Finland,FIN,1983,5.6299806
Finland,FIN,1984,6.4724565
Finland,FIN,1985,1.0169029
Finland,FIN,1986,0.10011196
Finland,FIN,1987,2.9781103
Finland,FIN,1988,-0.46941042
Finland,FIN,1989,-2.368945
Finland,FIN,1990,0.6551862
Finland,FIN,1991,1.5390515
Finland,FIN,1992,-1.2875557
Finland,FIN,1993,3.4672618
Finland,FIN,1994,-2.510643
Finland,FIN,1995,-1.091224
Finland,FIN,1996,3.0394912
Finland,FIN,1997,7.34514
Finland,FIN,1998,4.6132326
Finland,FIN,1999,5.167806
Finland,FIN,2000,-2.198553
Finland,FIN,2001,1.2927055
Finland,FIN,2002,-2.1007657
Finland,FIN,2003,2.0336747
Finland,FIN,2004,-0.07329583
Finland,FIN,2005,2.4864912
Finland,FIN,2006,-1.5776336
Finland,FIN,2007,2.261448
Finland,FIN,2008,-2.0065606
Finland,FIN,2009,2.499354
Finland,FIN,2010,-3.1494498
Finland,FIN,2011,1.720047
Finland,FIN,2012,-0.91037154
Finland,FIN,2013,2.768004
Finland,FIN,2014,-0.12128949
Finland,FIN,2015,-1.4130533
Finland,FIN,2016,-0.20604134
Finland,FIN,2017,-3.1687558
Finland,FIN,2018,1.4230013
Finland,FIN,2019,4.7255635
Finland,FIN,2020,-2.4481714
Finland,FIN,2021,1.3196707
France,FRA,1966,55.518387
France,FRA,1967,48.817207
France,FRA,1968,48.60308
France,FRA,1969,16.693676
France,FRA,1970,58.638893
France,FRA,1971,63.35144
France,FRA,1972,56.404747
France,FRA,1973,1.0965705
France,FRA,1974,-0.27794838
France,FRA,1975,24.051655
France,FRA,1976,-13.535727
France,FRA,1977,13.7089615
France,FRA,1978,69.73413
France,FRA,1979,31.222904
France,FRA,1980,53.280785
France,FRA,1981,71.95801
France,FRA,1982,3.4113169
France,FRA,1983,32.44797
France,FRA,1984,32.56111
France,FRA,1985,17.186283
France,FRA,1986,13.411415
France,FRA,1987,4.4716716
France,FRA,1988,3.7665725
France,FRA,1989,10.311377
France,FRA,1990,3.3395767
France,FRA,1991,5.4950833
France,FRA,1992,2.1443248
France,FRA,1993,8.788133
France,FRA,1994,-2.229023
France,FRA,1995,4.7919154
France,FRA,1996,5.3306937
France,FRA,1997,-0.46735406
France,FRA,1998,-1.8946469
France,FRA,1999,1.6119003
France,FRA,2000,5.3058505
France,FRA,2001,1.4245033
France,FRA,2002,3.7247539
France,FRA,2003,0.9868145
France,FRA,2004,1.625812
France,FRA,2005,0.7335305
France,FRA,2006,-0.2963245
France,FRA,2007,-2.323681
France,FRA,2008,-0.064361095
France,FRA,2009,-6.760997
France,FRA,2010,4.584658
France,FRA,2011,3.2360196
France,FRA,2012,-3.838712
France,FRA,2013,-0.4045546
France,FRA,2014,3.0197024
France,FRA,2015,0.21737814
France,FRA,2016,-7.8258157
France,FRA,2017,-1.1995077
France,FRA,2018,3.6606789
France,FRA,2019,-3.3734083
France,FRA,2020,-11.322665
France,FRA,2021,7.2148323
Germany,DEU,1966,126.49572
Germany,DEU,1967,362.2642
Germany,DEU,1968,44.16326
Germany,DEU,1969,179.5583
Germany,DEU,1970,31.537378
Germany,DEU,1971,-4.2808714
Germany,DEU,1972,53.185333
Germany,DEU,1973,27.137148
Germany,DEU,1974,19.436646
Germany,DEU,1975,66.94101
Germany,DEU,1976,22.350657
Germany,DEU,1977,39.691196
Germany,DEU,1978,6.345892
Germany,DEU,1979,18.669796
Germany,DEU,1980,6.7705154
Germany,DEU,1981,17.888428
Germany,DEU,1982,13.570272
Germany,DEU,1983,4.8867345
Germany,DEU,1984,33.6318
Germany,DEU,1985,32.903564
Germany,DEU,1986,-5.8799386
Germany,DEU,1987,8.610689
Germany,DEU,1988,10.650909
Germany,DEU,1989,3.09335
Germany,DEU,1990,-5.6726336
Germany,DEU,1991,-3.3442676
Germany,DEU,1992,7.7340603
Germany,DEU,1993,-3.3375323
Germany,DEU,1994,-1.4983714
Germany,DEU,1995,1.917994
Germany,DEU,1996,4.8754096
Germany,DEU,1997,5.3925037
Germany,DEU,1998,-5.1242294
Germany,DEU,1999,5.2004933
Germany,DEU,2000,-0.23410916
Germany,DEU,2001,1.0017276
Germany,DEU,2002,-3.7728012
Germany,DEU,2003,0.13225079
Germany,DEU,2004,1.2147069
Germany,DEU,2005,-2.4098396
Germany,DEU,2006,2.647829
Germany,DEU,2007,-16.026915
Germany,DEU,2008,5.8654785
Germany,DEU,2009,-9.305864
Germany,DEU,2010,4.1680217
Germany,DEU,2011,-23.182768
Germany,DEU,2012,-7.8828692
Germany,DEU,2013,-2.1817803
Germany,DEU,2014,-0.16548634
Germany,DEU,2015,-5.5006146
Germany,DEU,2016,-7.7919483
Germany,DEU,2017,-9.818667
Germany,DEU,2018,-0.4187405
Germany,DEU,2019,-1.2282968
Germany,DEU,2020,-14.238256
Germany,DEU,2021,7.1721435
High-income countries,,1966,36.649418
High-income countries,,1967,19.645226
High-income countries,,1968,26.470173
High-income countries,,1969,17.182934
High-income countries,,1970,27.46526
High-income countries,,1971,41.18657
High-income countries,,1972,36.693943
High-income countries,,1973,32.640934
High-income countries,,1974,28.635084
High-income countries,,1975,38.436447
High-income countries,,1976,15.112722
High-income countries,,1977,24.50726
High-income countries,,1978,17.638075
High-income countries,,1979,3.1801462
High-income countries,,1980,8.103442
High-income countries,,1981,17.837286
High-income countries,,1982,7.527375
High-income countries,,1983,13.219047
High-income countries,,1984,19.968975
High-income countries,,1985,19.96709
High-income countries,,1986,8.750296
High-income countries,,1987,7.910025
High-income countries,,1988,7.713318
High-income countries,,1989,3.8352132
High-income countries,,1990,3.798163
High-income countries,,1991,5.406344
High-income countries,,1992,1.0099888
High-income countries,,1993,3.7103057
High-income countries,,1994,2.7516246
High-income countries,,1995,4.1706443
High-income countries,,1996,2.845621
High-income countries,,1997,-1.1941373
High-income countries,,1998,2.4086833
High-income countries,,1999,3.5089254
High-income countries,,2000,1.5612364
High-income countries,,2001,2.374661
High-income countries,,2002,1.1273026
High-income countries,,2003,-3.4990788
High-income countries,,2004,4.8712134
High-income countries,,2005,0.101709366
High-income countries,,2006,0.8363247
High-income countries,,2007,-2.755916
High-income countries,,2008,-0.8236587
High-income countries,,2009,-1.5766859
High-income countries,,2010,2.1385431
High-income countries,,2011,-6.317848
High-income countries,,2012,-8.976263
High-income countries,,2013,0.60355663
High-income countries,,2014,0.77005625
High-income countries,,2015,-1.069063
High-income countries,,2016,-0.2649665
High-income countries,,2017,-1.151514
High-income countries,,2018,0.64371824
High-income countries,,2019,1.5865326
High-income countries,,2020,-6.022215
High-income countries,,2021,2.2857308
Hungary,HUN,1984,52.284668
Hungary,HUN,1985,72.06586
Hungary,HUN,1986,14.5679
Hungary,HUN,1987,47.979534
Hungary,HUN,1988,22.383034
Hungary,HUN,1989,3.317225
Hungary,HUN,1990,-1.151824
Hungary,HUN,1991,-0.036412477
Hungary,HUN,1992,1.7339349
Hungary,HUN,1993,-1.2030959
Hungary,HUN,1994,1.833868
Hungary,HUN,1995,-0.16371012
Hungary,HUN,1996,1.0979652
Hungary,HUN,1997,-1.4950633
Hungary,HUN,1998,-0.13602376
Hungary,HUN,1999,1.053834
Hungary,HUN,2000,0.5959153
Hungary,HUN,2001,-0.38082004
Hungary,HUN,2002,-1.2246966
Hungary,HUN,2003,-21.070744
Hungary,HUN,2004,8.190322
Hungary,HUN,2005,16.105747
Hungary,HUN,2006,-2.6962519
Hungary,HUN,2007,9.033501
Hungary,HUN,2008,0.9606838
Hungary,HUN,2009,4.103112
Hungary,HUN,2010,2.1716595
Hungary,HUN,2011,-0.48203468
Hungary,HUN,2012,0.6884694
Hungary,HUN,2013,-2.680993
Hungary,HUN,2014,1.8154025
Hungary,HUN,2015,1.1871457
Hungary,HUN,2016,1.3863444
Hungary,HUN,2017,0.27208328
Hungary,HUN,2018,-2.264905
Hungary,HUN,2019,3.5276175
Hungary,HUN,2020,-1.4304996
Hungary,HUN,2021,-0.40351748
India,IND,1970,80.48781
India,IND,1971,-25.675678
India,IND,1972,-4.999995
India,IND,1973,111.48324
India,IND,1974,-7.9185486
India,IND,1975,19.164621
India,IND,1976,23.917532
India,IND,1977,-30.282867
India,IND,1978,22.19571
India,IND,1979,3.7109375
India,IND,1980,4.3314457
India,IND,1981,0.7220149
India,IND,1982,-12.544799
India,IND,1983,42.622948
India,IND,1984,31.321835
India,IND,1985,11.5973835
India,IND,1986,11.372542
India,IND,1987,5.9859157
India,IND,1988,14.202654
India,IND,1989,-33.81818
India,IND,1990,59.010983
India,IND,1991,-15.342087
India,IND,1992,18.285715
India,IND,1993,-2.7605236
India,IND,1994,-20.581966
India,IND,1995,53.97676
India,IND,1996,10.33082
India,IND,1997,19.884277
India,IND,1998,12.9004
India,IND,1999,11.931586
India,IND,2000,23.888885
India,IND,2001,19.78699
India,IND,2002,2.4567127
India,IND,2003,-6.2571287
India,IND,2004,17.166937
India,IND,2005,-16.602379
India,IND,2006,-0.5372584
India,IND,2007,1.1344314
India,IND,2008,-14.586597
India,IND,2009,10.409546
India,IND,2010,37.26132
India,IND,2011,39.60445
India,IND,2012,2.8428078
India,IND,2013,0.5085468
India,IND,2014,4.1356206
India,IND,2015,10.441696
India,IND,2016,-1.0701835
India,IND,2017,-1.2747765
India,IND,2018,4.373312
India,IND,2019,15.65193
India,IND,2020,-1.2172639
India,IND,2021,-1.5582621
Iran,IRN,2012,1255.6951
Iran,IRN,2013,193.12961
Iran,IRN,2014,-4.367858
Iran,IRN,2015,-14.108926
Iran,IRN,2016,85.22594
Iran,IRN,2017,7.465267
Iran,IRN,2018,-1.03814
Iran,IRN,2019,-6.894946
Iran,IRN,2020,-1.2532115
Iran,IRN,2021,-44.132477
Italy,ITA,1966,10.0569725
Italy,ITA,1967,-18.405384
Italy,ITA,1968,-18.27411
Italy,ITA,1969,-34.821426
Italy,ITA,1970,89.16022
Italy,ITA,1971,5.95088
Italy,ITA,1972,7.7563167
Italy,ITA,1973,-13.348043
Italy,ITA,1974,8.529604
Italy,ITA,1975,11.436951
Italy,ITA,1976,0.18421412
Italy,ITA,1977,-11.084843
Italy,ITA,1978,30.812407
Italy,ITA,1979,-40.650402
Italy,ITA,1980,-15.98174
Italy,ITA,1981,22.599638
Italy,ITA,1982,151.34836
Italy,ITA,1983,-15.00588
Italy,ITA,1984,19.090439
Italy,ITA,1985,1.9892573
Italy,ITA,1986,24.68679
Italy,ITA,1987,-98.013245
Italy,ITA,1988,-100
Japan,JPN,1966,2235.9998
Japan,JPN,1967,7.705486
Japan,JPN,1968,65.97774
Japan,JPN,1969,3.639841
Japan,JPN,1970,323.38263
Japan,JPN,1971,74.85266
Japan,JPN,1972,18.352055
Japan,JPN,1973,2.3945212
Japan,JPN,1974,102.93603
Japan,JPN,1975,27.544546
Japan,JPN,1976,35.63781
Japan,JPN,1977,-7.1011424
Japan,JPN,1978,87.34957
Japan,JPN,1979,18.680561
Japan,JPN,1980,17.328442
Japan,JPN,1981,6.3311934
Japan,JPN,1982,16.6363
Japan,JPN,1983,11.57962
Japan,JPN,1984,17.475569
Japan,JPN,1985,18.853891
Japan,JPN,1986,3.6293983
Japan,JPN,1987,14.050508
Japan,JPN,1988,-7.7983437
Japan,JPN,1989,6.853068
Japan,JPN,1990,4.71282
Japan,JPN,1991,7.258141
Japan,JPN,1992,3.9970517
Japan,JPN,1993,14.12896
Japan,JPN,1994,4.258406
Japan,JPN,1995,11.090231
Japan,JPN,1996,3.3507466
Japan,JPN,1997,8.315575
Japan,JPN,1998,1.4998555
Japan,JPN,1999,-2.680868
Japan,JPN,2000,0.5947232
Japan,JPN,2001,0.44385195
Japan,JPN,2002,-1.9591033
Japan,JPN,2003,-26.787096
Japan,JPN,2004,24.24742
Japan,JPN,2005,2.5090814
Japan,JPN,2006,3.839898
Japan,JPN,2007,-8.308482
Japan,JPN,2008,-9.771914
Japan,JPN,2009,9.099066
Japan,JPN,2010,6.446123
Japan,JPN,2011,-44.2707
Japan,JPN,2012,-88.957405
Japan,JPN,2013,-18.834013
Japan,JPN,2014,-100
Japan,JPN,2016,290.7334
Japan,JPN,2017,64.45766
Japan,JPN,2018,68.904305
Japan,JPN,2019,33.661438
Japan,JPN,2020,-34.48806
Japan,JPN,2021,42.379856
Kazakhstan,KAZ,1990,-100
Kazakhstan,KAZ,1992,-13.934427
Kazakhstan,KAZ,1993,-3.8095236
Kazakhstan,KAZ,1994,-14.851486
Kazakhstan,KAZ,1995,-79.06977
Kazakhstan,KAZ,1996,11.111116
Kazakhstan,KAZ,1997,239.99998
Kazakhstan,KAZ,1998,-70.588234
Kazakhstan,KAZ,1999,-100
Lithuania,LTU,1986,4.24242
Lithuania,LTU,1987,-7.0661902
Lithuania,LTU,1988,39.50914
Lithuania,LTU,1989,29.975855
Lithuania,LTU,1990,2.286172
Lithuania,LTU,1991,-0.1937449
Lithuania,LTU,1992,-13.894123
Lithuania,LTU,1993,-16.245382
Lithuania,LTU,1994,-37.14519
Lithuania,LTU,1995,53.412926
Lithuania,LTU,1996,17.932678
Lithuania,LTU,1997,-13.756996
Lithuania,LTU,1998,12.724543
Lithuania,LTU,1999,-27.239185
Lithuania,LTU,2000,-14.6319275
Lithuania,LTU,2001,34.956657
Lithuania,LTU,2002,24.467516
Lithuania,LTU,2003,9.489465
Lithuania,LTU,2004,-2.469647
Lithuania,LTU,2005,-31.546324
Lithuania,LTU,2006,-16.313261
Lithuania,LTU,2007,13.65937
Lithuania,LTU,2008,0.61832666
Lithuania,LTU,2009,9.692038
Lithuania,LTU,2010,-100
Lower-middle-income countries,,1970,80.48781
Lower-middle-income countries,,1971,-21.95946
Lower-middle-income countries,,1972,10.389614
Lower-middle-income countries,,1973,107.05881
Lower-middle-income countries,,1974,-0.18939376
Lower-middle-income countries,,1975,18.216324
Lower-middle-income countries,,1976,15.248799
Lower-middle-income countries,,1977,-31.337053
Lower-middle-income countries,,1978,11.561871
Lower-middle-income countries,,1979,-1.272726
Lower-middle-income countries,,1980,5.3406954
Lower-middle-income countries,,1981,4.1957974
Lower-middle-income countries,,1982,-10.402685
Lower-middle-income countries,,1983,41.947567
Lower-middle-income countries,,1984,30.474937
Lower-middle-income countries,,1985,1231.6482
Lower-middle-income countries,,1986,-17.091877
Lower-middle-income countries,,1987,16.155327
Lower-middle-income countries,,1988,39.64361
Lower-middle-income countries,,1989,-9.728414
Lower-middle-income countries,,1990,17.459393
Lower-middle-income countries,,1991,-2.4448931
Lower-middle-income countries,,1992,-0.31923652
Lower-middle-income countries,,1993,1.4501691
Lower-middle-income countries,,1994,-9.154552
Lower-middle-income countries,,1995,5.7515025
Lower-middle-income countries,,1996,12.263298
Lower-middle-income countries,,1997,1.8688202
Lower-middle-income countries,,1998,-3.281784
Lower-middle-income countries,,1999,-2.4493515
Lower-middle-income countries,,2000,10.819483
Lower-middle-income countries,,2001,3.2834888
Lower-middle-income countries,,2002,2.1566033
Lower-middle-income countries,,2003,2.2309184
Lower-middle-income countries,,2004,9.108316
Lower-middle-income countries,,2005,-1.5106082
Lower-middle-income countries,,2006,1.2556195
Lower-middle-income countries,,2007,2.0853043
Lower-middle-income countries,,2008,-5.211645
Lower-middle-income countries,,2009,-4.2451262
Lower-middle-income countries,,2010,12.213111
Lower-middle-income countries,,2011,10.231757
Lower-middle-income countries,,2012,0.7305622
Lower-middle-income countries,,2013,-1.88995
Lower-middle-income countries,,2014,5.4216266
Lower-middle-income countries,,2015,1.4573693
Lower-middle-income countries,,2016,-2.3354352
Lower-middle-income countries,,2017,5.706358
Lower-middle-income countries,,2018,1.0990262
Lower-middle-income countries,,2019,2.9919744
Lower-middle-income countries,,2020,-4.9130797
Lower-middle-income countries,,2021,9.3766575
Mexico,MEX,1990,689.5161
Mexico,MEX,1991,44.433094
Mexico,MEX,1992,-7.6143384
Mexico,MEX,1993,25.822926
Mexico,MEX,1994,-14.033669
Mexico,MEX,1995,99.17433
Mexico,MEX,1996,-6.6919327
Mexico,MEX,1997,32.724045
Mexico,MEX,1998,-11.390591
Mexico,MEX,1999,7.954657
Mexico,MEX,2000,-17.80644
Mexico,MEX,2001,6.142807
Mexico,MEX,2002,11.696327
Mexico,MEX,2003,7.745111
Mexico,MEX,2004,-12.451285
Mexico,MEX,2005,17.522097
Mexico,MEX,2006,0.5676627
Mexico,MEX,2007,-4.100007
Mexico,MEX,2008,-5.9184847
Mexico,MEX,2009,7.110405
Mexico,MEX,2010,-44.01298
Mexico,MEX,2011,71.60712
Mexico,MEX,2012,-13.079304
Mexico,MEX,2013,34.554268
Mexico,MEX,2014,-17.988855
Mexico,MEX,2015,19.633043
Mexico,MEX,2016,-8.723778
Mexico,MEX,2017,2.9874444
Mexico,MEX,2018,24.5525
Mexico,MEX,2019,-17.447943
Mexico,MEX,2020,-0.106304884
Mexico,MEX,2021,6.6663265
Middle East (BP),,2012,1255.6951
Middle East (BP),,2013,193.12961
Middle East (BP),,2014,-4.367858
Middle East (BP),,2015,-14.108926
Middle East (BP),,2016,85.22594
Middle East (BP),,2017,7.465267
Middle East (BP),,2018,-1.03814
Middle East (BP),,2019,-6.894946
Middle East (BP),,2020,24.07645
Middle East (BP),,2021,77.0262
Netherlands,NLD,1969,1025
Netherlands,NLD,1970,16.825401
Netherlands,NLD,1971,10.05435
Netherlands,NLD,1972,-19.506174
Netherlands,NLD,1973,239.87732
Netherlands,NLD,1974,195.7581
Netherlands,NLD,1975,1.7699122
Netherlands,NLD,1976,16.101944
Netherlands,NLD,1977,-4.1838827
Netherlands,NLD,1978,9.433961
Netherlands,NLD,1979,-14.064037
Netherlands,NLD,1980,20.378326
Netherlands,NLD,1981,-12.9047575
Netherlands,NLD,1982,6.5336227
Netherlands,NLD,1983,-7.9035163
Netherlands,NLD,1984,3.3992767
Netherlands,NLD,1985,5.0660133
Netherlands,NLD,1986,8.130288
Netherlands,NLD,1987,-15.654654
Netherlands,NLD,1988,3.346455
Netherlands,NLD,1989,9.360552
Netherlands,NLD,1990,-12.863898
Netherlands,NLD,1991,-4.9400387
Netherlands,NLD,1992,14.14839
Netherlands,NLD,1993,3.8947344
Netherlands,NLD,1994,0.48125982
Netherlands,NLD,1995,1.2856126
Netherlands,NLD,1996,3.5340905
Netherlands,NLD,1997,-42.115383
Netherlands,NLD,1998,58.18485
Netherlands,NLD,1999,0.50200224
Netherlands,NLD,2000,2.3769617
Netherlands,NLD,2001,1.3615727
Netherlands,NLD,2002,-1.4859676
Netherlands,NLD,2003,2.6689172
Netherlands,NLD,2004,-4.877347
Netherlands,NLD,2005,4.5902014
Netherlands,NLD,2006,-13.208824
Netherlands,NLD,2007,21.066057
Netherlands,NLD,2008,-0.74813366
Netherlands,NLD,2009,1.905632
Netherlands,NLD,2010,-6.571192
Netherlands,NLD,2011,4.32353
Netherlands,NLD,2012,-5.4594874
Netherlands,NLD,2013,-26.153946
Netherlands,NLD,2014,41.525627
Netherlands,NLD,2015,-0.32422543
Netherlands,NLD,2016,-2.8877378
Netherlands,NLD,2017,-14.084869
Netherlands,NLD,2018,3.3002973
Netherlands,NLD,2019,11.237669
Netherlands,NLD,2020,4.5428634
Netherlands,NLD,2021,-6.390679
Non-OECD (BP),,1966,11.571323
Non-OECD (BP),,1967,10.406971
Non-OECD (BP),,1968,37.50001
Non-OECD (BP),,1969,39.893127
Non-OECD (BP),,1970,30.238628
Non-OECD (BP),,1971,12.340153
Non-OECD (BP),,1972,71.05255
Non-OECD (BP),,1973,51.26704
Non-OECD (BP),,1974,54.466534
Non-OECD (BP),,1975,41.448498
Non-OECD (BP),,1976,34.114742
Non-OECD (BP),,1977,24.383629
Non-OECD (BP),,1978,9.107077
Non-OECD (BP),,1979,16.346502
Non-OECD (BP),,1980,20.638538
Non-OECD (BP),,1981,20.89144
Non-OECD (BP),,1982,16.188192
Non-OECD (BP),,1983,17.15033
Non-OECD (BP),,1984,30.553066
Non-OECD (BP),,1985,11.512554
Non-OECD (BP),,1986,-4.142004
Non-OECD (BP),,1987,16.282309
Non-OECD (BP),,1988,14.820158
Non-OECD (BP),,1989,-4.110771
Non-OECD (BP),,1990,-2.5764346
Non-OECD (BP),,1991,0.5573034
Non-OECD (BP),,1992,-1.4845014
Non-OECD (BP),,1993,0.9709239
Non-OECD (BP),,1994,-4.25548
Non-OECD (BP),,1995,3.655386
Non-OECD (BP),,1996,10.619569
Non-OECD (BP),,1997,1.6990542
Non-OECD (BP),,1998,-2.713573
Non-OECD (BP),,1999,5.8027506
Non-OECD (BP),,2000,7.880187
Non-OECD (BP),,2001,4.593158
Non-OECD (BP),,2002,5.5283546
Non-OECD (BP),,2003,7.2797537
Non-OECD (BP),,2004,2.7997017
Non-OECD (BP),,2005,0.9194732
Non-OECD (BP),,2006,3.526473
Non-OECD (BP),,2007,2.4806857
Non-OECD (BP),,2008,2.7126193
Non-OECD (BP),,2009,-0.45306683
Non-OECD (BP),,2010,5.7260036
Non-OECD (BP),,2011,6.041467
Non-OECD (BP),,2012,2.9007912
Non-OECD (BP),,2013,1.1613369
Non-OECD (BP),,2014,7.4380994
Non-OECD (BP),,2015,8.681953
Non-OECD (BP),,2016,6.625724
Non-OECD (BP),,2017,5.7379484
Non-OECD (BP),,2018,7.838297
Non-OECD (BP),,2019,9.776616
Non-OECD (BP),,2020,2.4634242
Non-OECD (BP),,2021,8.216536
North America,,1966,50.721504
North America,,1967,37.61307
North America,,1968,71.215965
North America,,1969,7.548058
North America,,1970,57.927822
North America,,1971,84.98874
North America,,1972,44.554554
North America,,1973,60.761738
North America,,1974,30.586874
North America,,1975,44.169914
North America,,1976,12.579334
North America,,1977,32.87257
North America,,1978,10.922742
North America,,1979,-5.6798515
North America,,1980,-0.4905641
North America,,1981,8.178067
North America,,1982,2.7213454
North America,,1983,6.473589
North America,,1984,10.997688
North America,,1985,16.953087
North America,,1986,9.192503
North America,,1987,9.741032
North America,,1988,14.570272
North America,,1989,-0.10526776
North America,,1990,7.177758
North America,,1991,7.4370027
North America,,1992,0.25883913
North America,,1993,0.7265806
North America,,1994,6.054795
North America,,1995,3.6896467
North America,,1996,-0.5170107
North America,,1997,-6.9237766
North America,,1998,4.677665
North America,,1999,7.619238
North America,,2000,2.8862953
North America,,2001,2.2987127
North America,,2002,1.3070941
North America,,2003,-1.883775
North America,,2004,4.520631
North America,,2005,-0.39111972
North America,,2006,1.2375593
North America,,2007,1.6354442
North America,,2008,0.17604828
North America,,2009,-1.3557732
North America,,2010,0.4763484
North America,,2011,-1.1134684
North America,,2012,-2.356273
North America,,2013,3.535235
North America,,2014,1.0866761
North America,,2015,-0.36858916
North America,,2016,0.7960558
North America,,2017,-0.062173605
North America,,2018,0.45428276
North America,,2019,0.05657673
North America,,2020,-2.4438858
North America,,2021,-1.8243849
North America (BP),,1966,50.419773
North America (BP),,1967,37.253906
North America (BP),,1968,71.78911
North America (BP),,1969,7.6853037
North America (BP),,1970,57.92781
North America (BP),,1971,84.98877
North America (BP),,1972,44.554543
North America (BP),,1973,60.76175
North America (BP),,1974,30.586851
North America (BP),,1975,44.169926
North America (BP),,1976,12.579334
North America (BP),,1977,32.87256
North America (BP),,1978,10.922754
North America (BP),,1979,-5.67984
North America (BP),,1980,-0.49057603
North America (BP),,1981,8.178067
North America (BP),,1982,2.7213454
North America (BP),,1983,6.473577
North America (BP),,1984,10.997713
North America (BP),,1985,16.953075
North America (BP),,1986,9.192503
North America (BP),,1987,9.741032
North America (BP),,1988,14.570272
North America (BP),,1989,-0.10526776
North America (BP),,1990,7.177758
North America (BP),,1991,7.4370027
North America (BP),,1992,0.25883913
North America (BP),,1993,0.7265806
North America (BP),,1994,6.054783
North America (BP),,1995,3.6896586
North America (BP),,1996,-0.5170226
North America (BP),,1997,-6.9237766
North America (BP),,1998,4.677677
North America (BP),,1999,7.619238
North America (BP),,2000,2.8862834
North America (BP),,2001,2.2987127
North America (BP),,2002,1.3070941
North America (BP),,2003,-1.883769
North America (BP),,2004,4.520631
North America (BP),,2005,-0.39111376
North America (BP),,2006,1.2375593
North America (BP),,2007,1.6354442
North America (BP),,2008,0.17604828
North America (BP),,2009,-1.3557792
North America (BP),,2010,0.47636032
North America (BP),,2011,-1.1134684
North America (BP),,2012,-2.356273
North America (BP),,2013,3.535235
North America (BP),,2014,1.0866761
North America (BP),,2015,-0.36858916
North America (BP),,2016,0.7960558
North America (BP),,2017,-0.062173605
North America (BP),,2018,0.45428276
North America (BP),,2019,0.05657673
North America (BP),,2020,-2.4438858
North America (BP),,2021,-1.8243849
OECD (BP),,1966,36.649418
OECD (BP),,1967,19.645226
OECD (BP),,1968,26.470173
OECD (BP),,1969,17.182922
OECD (BP),,1970,27.465271
OECD (BP),,1971,41.186584
OECD (BP),,1972,36.693954
OECD (BP),,1973,32.640923
OECD (BP),,1974,28.635084
OECD (BP),,1975,38.436447
OECD (BP),,1976,15.112722
OECD (BP),,1977,24.481451
OECD (BP),,1978,17.103554
OECD (BP),,1979,2.541256
OECD (BP),,1980,7.8668594
OECD (BP),,1981,17.674614
OECD (BP),,1982,7.3058248
OECD (BP),,1983,12.695587
OECD (BP),,1984,19.752037
OECD (BP),,1985,20.040274
OECD (BP),,1986,9.089994
OECD (BP),,1987,7.6162577
OECD (BP),,1988,8.051979
OECD (BP),,1989,4.0795207
OECD (BP),,1990,3.7404299
OECD (BP),,1991,5.435121
OECD (BP),,1992,1.0885477
OECD (BP),,1993,3.7975907
OECD (BP),,1994,2.7308226
OECD (BP),,1995,4.426253
OECD (BP),,1996,2.7351856
OECD (BP),,1997,-1.0172486
OECD (BP),,1998,2.3529649
OECD (BP),,1999,3.5352707
OECD (BP),,2000,1.4782667
OECD (BP),,2001,2.5631309
OECD (BP),,2002,1.0083795
OECD (BP),,2003,-3.483063
OECD (BP),,2004,4.847944
OECD (BP),,2005,0.1508832
OECD (BP),,2006,0.8535385
OECD (BP),,2007,-2.8362334
OECD (BP),,2008,-0.87344646
OECD (BP),,2009,-1.600045
OECD (BP),,2010,1.9607425
OECD (BP),,2011,-6.2542915
OECD (BP),,2012,-9.092081
OECD (BP),,2013,0.70568323
OECD (BP),,2014,0.63631535
OECD (BP),,2015,-0.69350004
OECD (BP),,2016,-0.075894594
OECD (BP),,2017,-0.68077445
OECD (BP),,2018,0.5168438
OECD (BP),,2019,1.2420535
OECD (BP),,2020,-6.1237516
OECD (BP),,2021,2.070868
Pakistan,PAK,1972,318.1818
Pakistan,PAK,1973,86.95651
Pakistan,PAK,1974,39.534878
Pakistan,PAK,1975,15.00001
Pakistan,PAK,1976,-15.217394
Pakistan,PAK,1977,-36.75214
Pakistan,PAK,1978,-48.64865
Pakistan,PAK,1979,-68.42105
Pakistan,PAK,1980,50
Pakistan,PAK,1981,111.111115
Pakistan,PAK,1982,21.052624
Pakistan,PAK,1983,34.7826
Pakistan,PAK,1984,20.967747
Pakistan,PAK,1985,17.333328
Pakistan,PAK,1986,35.227276
Pakistan,PAK,1987,-42.016804
Pakistan,PAK,1988,-36.231888
Pakistan,PAK,1989,-38.636364
Pakistan,PAK,1990,251.85184
Pakistan,PAK,1991,0
Pakistan,PAK,1992,31.578959
Pakistan,PAK,1993,-26.400005
Pakistan,PAK,1994,44.565212
Pakistan,PAK,1995,-11.278194
Pakistan,PAK,1996,-37.288136
Pakistan,PAK,1997,37.837837
Pakistan,PAK,1998,-12.7451
Pakistan,PAK,1999,-79.775276
Pakistan,PAK,2000,1088.8889
Pakistan,PAK,2001,120.560745
Pakistan,PAK,2002,-9.11017
Pakistan,PAK,2003,0.4662037
Pakistan,PAK,2004,26.78753
Pakistan,PAK,2005,5.088222
Pakistan,PAK,2006,-0.1924634
Pakistan,PAK,2007,-8.490551
Pakistan,PAK,2008,-24.635881
Pakistan,PAK,2009,45.622
Pakistan,PAK,2010,-0.073069334
Pakistan,PAK,2011,55.046143
Pakistan,PAK,2012,-31.1086
Pakistan,PAK,2013,56.996727
Pakistan,PAK,2014,9.552801
Pakistan,PAK,2015,-7.8135014
Pakistan,PAK,2016,22.882498
Pakistan,PAK,2017,53.434086
Pakistan,PAK,2018,13.939583
Pakistan,PAK,2019,-0.7112205
Pakistan,PAK,2020,3.997624
Pakistan,PAK,2021,66.00793
Romania,ROU,1997,289.61038
Romania,ROU,1998,-1.7222226
Romania,ROU,1999,-2.0538926
Romania,ROU,2000,4.9634457
Romania,ROU,2001,-0.18327832
Romania,ROU,2002,1.2302637
Romania,ROU,2003,-11.010337
Romania,ROU,2004,13.086009
Romania,ROU,2005,0.12617111
Romania,ROU,2006,1.3861418
Romania,ROU,2007,36.87855
Romania,ROU,2008,45.62199
Romania,ROU,2009,4.685557
Romania,ROU,2010,-1.0976851
Romania,ROU,2011,1.0685682
Romania,ROU,2012,-2.3920596
Romania,ROU,2013,1.3273716
Romania,ROU,2014,0.49232244
Romania,ROU,2015,-0.30490756
Romania,ROU,2016,-3.0412376
Romania,ROU,2017,1.975894
Romania,ROU,2018,-1.1469305
Romania,ROU,2019,-0.85259676
Romania,ROU,2020,1.6489387
Romania,ROU,2021,-1.5872955
Russia,RUS,1986,5.9449077
Russia,RUS,1987,18.514002
Russia,RUS,1988,8.108592
Russia,RUS,1989,1.1309624
Russia,RUS,1990,-13.212317
Russia,RUS,1991,1.4018893
Russia,RUS,1992,-0.298208
Russia,RUS,1993,-0.3678143
Russia,RUS,1994,-17.926598
Russia,RUS,1995,1.7501473
Russia,RUS,1996,9.538639
Russia,RUS,1997,-0.48428774
Russia,RUS,1998,-4.404688
Russia,RUS,1999,17.504025
Russia,RUS,2000,7.254207
Russia,RUS,2001,4.7584414
Russia,RUS,2002,3.427899
Russia,RUS,2003,6.151986
Russia,RUS,2004,-3.7481189
Russia,RUS,2005,3.2748938
Russia,RUS,2006,4.677284
Russia,RUS,2007,2.3149967
Russia,RUS,2008,1.8908143
Russia,RUS,2009,0.30573606
Russia,RUS,2010,4.1766047
Russia,RUS,2011,1.4826179
Russia,RUS,2012,2.6555896
Russia,RUS,2013,-2.8308988
Russia,RUS,2014,4.7819734
Russia,RUS,2015,8.139539
Russia,RUS,2016,0.58534145
Russia,RUS,2017,3.3195019
Russia,RUS,2018,0.70888996
Russia,RUS,2019,2.1529913
Russia,RUS,2020,3.3153534
Russia,RUS,2021,2.9999733
Slovakia,SVK,1973,7633.333
Slovakia,SVK,1974,109.482765
Slovakia,SVK,1975,-61.522633
Slovakia,SVK,1976,136.36363
Slovakia,SVK,1977,-74.208145
Slovakia,SVK,1978,-83.333336
Slovakia,SVK,1979,11200.001
Slovakia,SVK,1980,110.66604
Slovakia,SVK,1981,13.486624
Slovakia,SVK,1982,13.773632
Slovakia,SVK,1983,5.308223
Slovakia,SVK,1984,17.707312
Slovakia,SVK,1985,29.60354
Slovakia,SVK,1986,24.877417
Slovakia,SVK,1987,-1.7326713
Slovakia,SVK,1988,-0.33874512
Slovakia,SVK,1989,5.9525847
Slovakia,SVK,1990,-0.99530816
Slovakia,SVK,1991,-2.883017
Slovakia,SVK,1992,-5.4666758
Slovakia,SVK,1993,3.9456964
Slovakia,SVK,1994,9.655237
Slovakia,SVK,1995,-9.194124
Slovakia,SVK,1996,-1.6437948
Slovakia,SVK,1997,-1.5645802
Slovakia,SVK,1998,2.8989434
Slovakia,SVK,1999,15.1219845
Slovakia,SVK,2000,25.745213
Slovakia,SVK,2001,3.6922574
Slovakia,SVK,2002,4.969883
Slovakia,SVK,2003,-0.49573183
Slovakia,SVK,2004,-4.6910048
Slovakia,SVK,2005,4.1172385
Slovakia,SVK,2006,1.6077161
Slovakia,SVK,2007,-14.8678665
Slovakia,SVK,2008,8.934402
Slovakia,SVK,2009,-15.702826
Slovakia,SVK,2010,3.5011768
Slovakia,SVK,2011,5.7430983
Slovakia,SVK,2012,0.54506063
Slovakia,SVK,2013,1.4520884
Slovakia,SVK,2014,-1.405859
Slovakia,SVK,2015,-2.277565
Slovakia,SVK,2016,-2.4560928
Slovakia,SVK,2017,2.077973
Slovakia,SVK,2018,-1.5781462
Slovakia,SVK,2019,2.9576182
Slovakia,SVK,2020,1.0600805
Slovakia,SVK,2021,2.1625042
Slovenia,SVN,1991,7.139766
Slovenia,SVN,1992,-19.810183
Slovenia,SVN,1993,-0.37773252
Slovenia,SVN,1994,16.506577
Slovenia,SVN,1995,3.6884308
Slovenia,SVN,1996,-4.5407
Slovenia,SVN,1997,10.017538
Slovenia,SVN,1998,0
Slovenia,SVN,1999,-6.435543
Slovenia,SVN,2000,1.3841629
Slovenia,SVN,2001,10.417974
Slovenia,SVN,2002,5.155027
Slovenia,SVN,2003,-5.8068037
Slovenia,SVN,2004,4.839647
Slovenia,SVN,2005,7.7853084
Slovenia,SVN,2006,-5.710399
Slovenia,SVN,2007,2.6496053
Slovenia,SVN,2008,10.1492405
Slovenia,SVN,2009,-8.51267
Slovenia,SVN,2010,-1.4288187
Slovenia,SVN,2011,9.86389
Slovenia,SVN,2012,-11.053907
Slovenia,SVN,2013,-4.1244507
Slovenia,SVN,2014,20.188677
Slovenia,SVN,2015,-11.334383
Slovenia,SVN,2016,1.1862636
Slovenia,SVN,2017,9.978509
Slovenia,SVN,2018,-8.09564
Slovenia,SVN,2019,0.7758856
Slovenia,SVN,2020,9.130466
Slovenia,SVN,2021,-10.181612
South Africa,ZAF,1985,35.414017
South Africa,ZAF,1986,65.625595
South Africa,ZAF,1987,-29.944342
South Africa,ZAF,1988,70.14756
South Africa,ZAF,1989,5.775273
South Africa,ZAF,1990,-23.876022
South Africa,ZAF,1991,8.225822
South Africa,ZAF,1992,1.5748024
South Africa,ZAF,1993,-21.888458
South Africa,ZAF,1994,33.659542
South Africa,ZAF,1995,16.541195
South Africa,ZAF,1996,4.1943192
South Africa,ZAF,1997,7.4055314
South Africa,ZAF,1998,7.5432897
South Africa,ZAF,1999,-5.6172314
South Africa,ZAF,2000,1.3476729
South Africa,ZAF,2001,-17.609531
South Africa,ZAF,2002,11.866772
South Africa,ZAF,2003,5.6042075
South Africa,ZAF,2004,5.5446863
South Africa,ZAF,2005,-15.506548
South Africa,ZAF,2006,-11.216629
South Africa,ZAF,2007,12.876522
South Africa,ZAF,2008,14.906776
South Africa,ZAF,2009,-1.5226066
South Africa,ZAF,2010,5.6301713
South Africa,ZAF,2011,-4.6203794
South Africa,ZAF,2012,0.5071521
South Africa,ZAF,2013,8.780182
South Africa,ZAF,2014,-2.211815
South Africa,ZAF,2015,-11.28751
South Africa,ZAF,2016,22.791529
South Africa,ZAF,2017,-5.543727
South Africa,ZAF,2018,-18.410486
South Africa,ZAF,2019,17.409325
South Africa,ZAF,2020,2.5998354
South Africa,ZAF,2021,-25.271654
South America,,1975,142.95366
South America,,1976,2.185142
South America,,1977,-36.353035
South America,,1978,76.90898
South America,,1979,-7.044196
South America,,1980,-13.075781
South America,,1981,20.341885
South America,,1982,-33.59375
South America,,1983,82.08556
South America,,1984,84.55213
South America,,1985,45.560146
South America,,1986,-35.98994
South America,,1987,27.036726
South America,,1988,-13.874703
South America,,1989,7.2275996
South America,,1990,38.564564
South America,,1991,-3.3620477
South America,,1992,-3.8921475
South America,,1993,-7.3303165
South America,,1994,1.1962891
South America,,1995,15.621233
South America,,1996,3.1403184
South America,,1997,12.583458
South America,,1998,-3.7017047
South America,,1999,3.4054875
South America,,2000,10.286021
South America,,2001,74.57254
South America,,2002,-7.877964
South America,,2003,6.445527
South America,,2004,-6.901169
South America,,2005,-14.127302
South America,,2006,28.378178
South America,,2007,-8.714008
South America,,2008,8.971846
South America,,2009,-1.041913
South America,,2010,2.805853
South America,,2011,1.5010238
South America,,2012,1.7272711
South America,,2013,-3.492415
South America,,2014,-3.5288155
South America,,2015,4.215348
South America,,2016,10.913396
South America,,2017,-9.615779
South America,,2018,3.292644
South America,,2019,8.985829
South America,,2020,0.58277845
South America,,2021,3.3224225
South Korea,KOR,1978,3152.4224
South Korea,KOR,1979,35.602154
South Korea,KOR,1980,10.319161
South Korea,KOR,1981,-16.67884
South Korea,KOR,1982,30.376995
South Korea,KOR,1983,137.34106
South Korea,KOR,1984,31.533539
South Korea,KOR,1985,42.00523
South Korea,KOR,1986,69.06922
South Korea,KOR,1987,38.864372
South Korea,KOR,1988,2.0004988
South Korea,KOR,1989,18.115652
South Korea,KOR,1990,11.657059
South Korea,KOR,1991,6.4745903
South Korea,KOR,1992,0.38973093
South Korea,KOR,1993,2.8444767
South Korea,KOR,1994,0.8818865
South Korea,KOR,1995,14.284062
South Korea,KOR,1996,10.287678
South Korea,KOR,1997,4.276407
South Korea,KOR,1998,16.34977
South Korea,KOR,1999,14.912438
South Korea,KOR,2000,5.724573
South Korea,KOR,2001,2.9085755
South Korea,KOR,2002,6.2157154
South Korea,KOR,2003,8.873725
South Korea,KOR,2004,0.8043766
South Korea,KOR,2005,12.289513
South Korea,KOR,2006,1.3420582
South Korea,KOR,2007,-3.9070666
South Korea,KOR,2008,5.611396
South Korea,KOR,2009,-2.111262
South Korea,KOR,2010,0.55823326
South Korea,KOR,2011,4.123533
South Korea,KOR,2012,-2.8410912
South Korea,KOR,2013,-7.678795
South Korea,KOR,2014,12.697828
South Korea,KOR,2015,5.342436
South Korea,KOR,2016,-1.6795814
South Korea,KOR,2017,-8.375793
South Korea,KOR,2018,-10.053086
South Korea,KOR,2019,9.2913265
South Korea,KOR,2020,9.782803
South Korea,KOR,2021,-1.3537526
South and Central America (BP),,1967,216.66666
South and Central America (BP),,1968,-52.63158
South and Central America (BP),,1969,183.33334
South and Central America (BP),,1970,-11.764699
South and Central America (BP),,1971,-6.666672
South and Central America (BP),,1972,73.809525
South and Central America (BP),,1973,-36.986298
South and Central America (BP),,1974,2208.6958
South and Central America (BP),,1975,139.3597
South and Central America (BP),,1976,1.8882751
South and Central America (BP),,1977,-36.795364
South and Central America (BP),,1978,76.90898
South and Central America (BP),,1979,-7.044196
South and Central America (BP),,1980,-13.075781
South and Central America (BP),,1981,20.341885
South and Central America (BP),,1982,-33.59375
South and Central America (BP),,1983,82.08556
South and Central America (BP),,1984,84.55213
South and Central America (BP),,1985,45.560158
South and Central America (BP),,1986,-35.989944
South and Central America (BP),,1987,27.036726
South and Central America (BP),,1988,-13.874698
South and Central America (BP),,1989,7.2275996
South and Central America (BP),,1990,38.564564
South and Central America (BP),,1991,-3.3620477
South and Central America (BP),,1992,-3.8921475
South and Central America (BP),,1993,-7.3303165
South and Central America (BP),,1994,1.1962891
South and Central America (BP),,1995,15.621233
South and Central America (BP),,1996,3.1403184
South and Central America (BP),,1997,12.583458
South and Central America (BP),,1998,-3.7017047
South and Central America (BP),,1999,3.4054875
South and Central America (BP),,2000,10.286021
South and Central America (BP),,2001,74.572525
South and Central America (BP),,2002,-7.877964
South and Central America (BP),,2003,6.445539
South and Central America (BP),,2004,-6.901169
South and Central America (BP),,2005,-14.127302
South and Central America (BP),,2006,28.378164
South and Central America (BP),,2007,-8.713997
South and Central America (BP),,2008,8.971846
South and Central America (BP),,2009,-1.041913
South and Central America (BP),,2010,2.805853
South and Central America (BP),,2011,1.5010238
South and Central America (BP),,2012,1.7272592
South and Central America (BP),,2013,-3.492403
South and Central America (BP),,2014,-3.5288334
South and Central America (BP),,2015,4.2153597
South and Central America (BP),,2016,10.913396
South and Central America (BP),,2017,-9.615779
South and Central America (BP),,2018,3.292644
South and Central America (BP),,2019,8.985842
South and Central America (BP),,2020,0.58277845
South and Central America (BP),,2021,3.3224225
Spain,ESP,1969,898.7952
Spain,ESP,1970,11.338961
Spain,ESP,1971,173.34778
Spain,ESP,1972,88.30757
Spain,ESP,1973,37.76047
Spain,ESP,1974,10.359049
Spain,ESP,1975,4.444134
Spain,ESP,1976,0.14580488
Spain,ESP,1977,-13.6465845
Spain,ESP,1978,17.244017
Spain,ESP,1979,-12.406856
Spain,ESP,1980,-22.597015
Spain,ESP,1981,84.49673
Spain,ESP,1982,-8.32985
Spain,ESP,1983,21.548283
Spain,ESP,1984,116.546295
Spain,ESP,1985,21.476221
Spain,ESP,1986,33.56868
Spain,ESP,1987,10.1794
Spain,ESP,1988,22.27956
Spain,ESP,1989,11.215472
Spain,ESP,1990,-3.3104062
Spain,ESP,1991,2.4139404
Spain,ESP,1992,0.36705732
Spain,ESP,1993,0.49836636
Spain,ESP,1994,-1.3325036
Spain,ESP,1995,0.25672913
Spain,ESP,1996,1.5778542
Spain,ESP,1997,-1.832062
Spain,ESP,1998,6.6819787
Spain,ESP,1999,-0.23900867
Spain,ESP,2000,5.6990385
Spain,ESP,2001,2.4145603
Spain,ESP,2002,-1.0862052
Spain,ESP,2003,-1.810652
Spain,ESP,2004,2.7975798
Spain,ESP,2005,-9.538406
Spain,ESP,2006,4.4960737
Spain,ESP,2007,-8.354121
Spain,ESP,2008,7.0232034
Spain,ESP,2009,-10.533124
Spain,ESP,2010,16.777634
Spain,ESP,2011,-6.3012304
Spain,ESP,2012,6.476593
Spain,ESP,2013,-7.708907
Spain,ESP,2014,1.0111928
Spain,ESP,2015,0
Spain,ESP,2016,2.292931
Spain,ESP,2017,-0.8648038
Spain,ESP,2018,-4.0370703
Spain,ESP,2019,4.503083
Spain,ESP,2020,0.038158894
Spain,ESP,2021,-3.0790746
Sweden,SWE,1966,150.00003
Sweden,SWE,1967,11.111105
Sweden,SWE,1968,-53.999996
Sweden,SWE,1969,165.2174
Sweden,SWE,1970,-8.196717
Sweden,SWE,1971,60.714294
Sweden,SWE,1972,1527.7777
Sweden,SWE,1973,44.095566
Sweden,SWE,1974,-2.70015
Sweden,SWE,1975,482.71664
Sweden,SWE,1976,33.62019
Sweden,SWE,1977,24.510729
Sweden,SWE,1978,19.424498
Sweden,SWE,1979,-11.530214
Sweden,SWE,1980,25.899529
Sweden,SWE,1981,42.24932
Sweden,SWE,1982,3.6253572
Sweden,SWE,1983,5.0172925
Sweden,SWE,1984,24.197626
Sweden,SWE,1985,14.992344
Sweden,SWE,1986,19.449795
Sweden,SWE,1987,-3.6682725
Sweden,SWE,1988,3.0259013
Sweden,SWE,1989,-5.503869
Sweden,SWE,1990,3.935802
Sweden,SWE,1991,12.577558
Sweden,SWE,1992,-17.218382
Sweden,SWE,1993,-3.381908
Sweden,SWE,1994,19.156277
Sweden,SWE,1995,-4.4029236
Sweden,SWE,1996,6.204343
Sweden,SWE,1997,-5.8513107
Sweden,SWE,1998,5.226803
Sweden,SWE,1999,-0.5368054
Sweden,SWE,2000,-21.686613
Sweden,SWE,2001,25.809551
Sweden,SWE,2002,-5.5443883
Sweden,SWE,2003,-1.021862
Sweden,SWE,2004,15.213227
Sweden,SWE,2005,-6.4116535
Sweden,SWE,2006,-7.8606787
Sweden,SWE,2007,-0.01193881
Sweden,SWE,2008,-4.599148
Sweden,SWE,2009,-18.338055
Sweden,SWE,2010,10.647273
Sweden,SWE,2011,4.758513
Sweden,SWE,2012,5.8900476
Sweden,SWE,2013,3.7790656
Sweden,SWE,2014,-2.3774803
Sweden,SWE,2015,-13.146412
Sweden,SWE,2016,11.984455
Sweden,SWE,2017,4.1124463
Sweden,SWE,2018,4.342735
Sweden,SWE,2019,-3.5288692
Sweden,SWE,2020,-25.604105
Sweden,SWE,2021,7.8986883
Switzerland,CHE,1970,230.09346
Switzerland,CHE,1971,-21.234428
Switzerland,CHE,1972,176.06036
Switzerland,CHE,1973,64.32292
Switzerland,CHE,1974,11.99683
Switzerland,CHE,1975,9.820294
Switzerland,CHE,1976,2.2935152
Switzerland,CHE,1977,2.204311
Switzerland,CHE,1978,3.463149
Switzerland,CHE,1979,40.619408
Switzerland,CHE,1980,21.524775
Switzerland,CHE,1981,6.859052
Switzerland,CHE,1982,-1.2850583
Switzerland,CHE,1983,3.8128614
Switzerland,CHE,1984,17.377472
Switzerland,CHE,1985,21.480762
Switzerland,CHE,1986,0.103378296
Switzerland,CHE,1987,1.8682837
Switzerland,CHE,1988,-0.9170115
Switzerland,CHE,1989,0.19067526
Switzerland,CHE,1990,3.504622
Switzerland,CHE,1991,-2.888149
Switzerland,CHE,1992,2.156651
Switzerland,CHE,1993,-0.4158914
Switzerland,CHE,1994,4.335189
Switzerland,CHE,1995,2.1841288
Switzerland,CHE,1996,0.99208355
Switzerland,CHE,1997,1.0624409
Switzerland,CHE,1998,1.6561627
Switzerland,CHE,1999,-3.4676611
Switzerland,CHE,2000,6.06215
Switzerland,CHE,2001,1.3788104
Switzerland,CHE,2002,1.5775084
Switzerland,CHE,2003,0.9302497
Switzerland,CHE,2004,-1.924336
Switzerland,CHE,2005,-13.416171
Switzerland,CHE,2006,19.182564
Switzerland,CHE,2007,0.38104057
Switzerland,CHE,2008,-0.8047402
Switzerland,CHE,2009,-0.049746037
Switzerland,CHE,2010,-3.4993708
Switzerland,CHE,2011,1.4084578
Switzerland,CHE,2012,-4.753524
Switzerland,CHE,2013,2.1606088
Switzerland,CHE,2014,6.0271025
Switzerland,CHE,2015,-16.211605
Switzerland,CHE,2016,-8.418197
Switzerland,CHE,2017,-3.6372602
Switzerland,CHE,2018,18.946098
Switzerland,CHE,2019,3.547144
Switzerland,CHE,2020,-9.058547
Switzerland,CHE,2021,-19.399733
Taiwan,TWN,1978,2596.9697
Taiwan,TWN,1979,137.04118
Taiwan,TWN,1980,29.546535
Taiwan,TWN,1981,30.113422
Taiwan,TWN,1982,22.649097
Taiwan,TWN,1983,44.477238
Taiwan,TWN,1984,30.074776
Taiwan,TWN,1985,16.82787
Taiwan,TWN,1986,-6.217003
Taiwan,TWN,1987,22.967136
Taiwan,TWN,1988,-7.4772
Taiwan,TWN,1989,-7.7488365
Taiwan,TWN,1990,16.23211
Taiwan,TWN,1991,7.3758125
Taiwan,TWN,1992,-4.096264
Taiwan,TWN,1993,1.5058637
Taiwan,TWN,1994,1.5031338
Taiwan,TWN,1995,1.2764215
Taiwan,TWN,1996,6.999874
Taiwan,TWN,1997,-4.0177584
Taiwan,TWN,1998,1.6445637
Taiwan,TWN,1999,3.0952096
Taiwan,TWN,2000,1.3044119
Taiwan,TWN,2001,-7.834154
Taiwan,TWN,2002,11.459303
Taiwan,TWN,2003,-1.6720533
Taiwan,TWN,2004,1.5388727
Taiwan,TWN,2005,1.220417
Taiwan,TWN,2006,-0.25395155
Taiwan,TWN,2007,1.677084
Taiwan,TWN,2008,0.70967674
Taiwan,TWN,2009,1.8229961
Taiwan,TWN,2010,0.13846159
Taiwan,TWN,2011,1.1717916
Taiwan,TWN,2012,-4.023981
Taiwan,TWN,2013,3.0123115
Taiwan,TWN,2014,1.800251
Taiwan,TWN,2015,-13.960833
Taiwan,TWN,2016,-13.187849
Taiwan,TWN,2017,-29.107506
Taiwan,TWN,2018,23.313248
Taiwan,TWN,2019,16.782534
Taiwan,TWN,2020,-2.7323484
Taiwan,TWN,2021,-11.616635
USSR,OWID_USS,1966,10.926353
USSR,OWID_USS,1967,9.207714
USSR,OWID_USS,1968,39.019608
USSR,OWID_USS,1969,15.937937
USSR,OWID_USS,1970,20.802916
USSR,OWID_USS,1971,22.75932
USSR,OWID_USS,1972,82.52667
USSR,OWID_USS,1973,45.52809
USSR,OWID_USS,1974,49.969112
USSR,OWID_USS,1975,33.340202
USSR,OWID_USS,1976,33.328175
USSR,OWID_USS,1977,33.754204
USSR,OWID_USS,1978,2.8059244
USSR,OWID_USS,1979,13.638282
USSR,OWID_USS,1980,23.995543
USSR,OWID_USS,1981,17.809534
USSR,OWID_USS,1982,15.117216
USSR,OWID_USS,1983,11.113071
USSR,OWID_USS,1984,29.088306
USSR,OWID_USS,1985,0
USSR,OWID_USS,1986,0
USSR,OWID_USS,1987,0
USSR,OWID_USS,1988,0
USSR,OWID_USS,1989,0
USSR,OWID_USS,1990,0
USSR,OWID_USS,1991,0
USSR,OWID_USS,1992,0
USSR,OWID_USS,1993,0
USSR,OWID_USS,1994,0
USSR,OWID_USS,1995,0
USSR,OWID_USS,1996,0
USSR,OWID_USS,1997,0
USSR,OWID_USS,1998,0
USSR,OWID_USS,1999,0
USSR,OWID_USS,2000,0
USSR,OWID_USS,2001,0
USSR,OWID_USS,2002,0
USSR,OWID_USS,2003,0
USSR,OWID_USS,2004,0
USSR,OWID_USS,2005,0
USSR,OWID_USS,2006,0
USSR,OWID_USS,2007,0
USSR,OWID_USS,2008,0
USSR,OWID_USS,2009,0
USSR,OWID_USS,2010,0
USSR,OWID_USS,2011,0
USSR,OWID_USS,2012,0
USSR,OWID_USS,2013,0
USSR,OWID_USS,2014,0
USSR,OWID_USS,2015,0
USSR,OWID_USS,2016,0
USSR,OWID_USS,2017,0
USSR,OWID_USS,2018,0
USSR,OWID_USS,2019,0
USSR,OWID_USS,2020,0
USSR,OWID_USS,2021,0
Ukraine,UKR,1986,-19.880623
Ukraine,UKR,1987,18.067062
Ukraine,UKR,1988,42.787025
Ukraine,UKR,1989,-7.617235
Ukraine,UKR,1990,14.526665
Ukraine,UKR,1991,-1.375711
Ukraine,UKR,1992,-1.8381178
Ukraine,UKR,1993,2.0244002
Ukraine,UKR,1994,-8.499127
Ukraine,UKR,1995,2.4328947
Ukraine,UKR,1996,12.838364
Ukraine,UKR,1997,-0.18096566
Ukraine,UKR,1998,-5.2799225
Ukraine,UKR,1999,-4.2185545
Ukraine,UKR,2000,7.321167
Ukraine,UKR,2001,-1.5153706
Ukraine,UKR,2002,2.3907304
Ukraine,UKR,2003,4.3800473
Ukraine,UKR,2004,6.898761
Ukraine,UKR,2005,1.9925952
Ukraine,UKR,2006,1.6551018
Ukraine,UKR,2007,2.5680304
Ukraine,UKR,2008,-2.9186726
Ukraine,UKR,2009,-7.699156
Ukraine,UKR,2010,7.5104833
Ukraine,UKR,2011,1.2290239
Ukraine,UKR,2012,-0.122225285
Ukraine,UKR,2013,-7.686484
Ukraine,UKR,2014,6.225407
Ukraine,UKR,2015,-0.86175203
Ukraine,UKR,2016,-7.6202273
Ukraine,UKR,2017,5.7148933
Ukraine,UKR,2018,-1.3766706
Ukraine,UKR,2019,-1.6533554
Ukraine,UKR,2020,-8.19251
Ukraine,UKR,2021,13.126588
United Arab Emirates,ARE,2021,549.359
United Kingdom,GBR,1966,33.57779
United Kingdom,GBR,1967,15.135789
United Kingdom,GBR,1968,12.514496
United Kingdom,GBR,1969,11.206568
United Kingdom,GBR,1970,-10.688412
United Kingdom,GBR,1971,5.9049726
United Kingdom,GBR,1972,6.6429496
United Kingdom,GBR,1973,-4.700798
United Kingdom,GBR,1974,20.073582
United Kingdom,GBR,1975,-9.753996
United Kingdom,GBR,1976,19.173967
United Kingdom,GBR,1977,10.692859
United Kingdom,GBR,1978,-6.9888353
United Kingdom,GBR,1979,2.9121041
United Kingdom,GBR,1980,-3.3543885
United Kingdom,GBR,1981,2.5551796
United Kingdom,GBR,1982,15.810263
United Kingdom,GBR,1983,13.544989
United Kingdom,GBR,1984,8.113682
United Kingdom,GBR,1985,13.182902
United Kingdom,GBR,1986,-3.2997847
United Kingdom,GBR,1987,-6.501466
United Kingdom,GBR,1988,14.877439
United Kingdom,GBR,1989,13.045263
United Kingdom,GBR,1990,-8.343327
United Kingdom,GBR,1991,7.2913647
United Kingdom,GBR,1992,8.879685
United Kingdom,GBR,1993,16.33445
United Kingdom,GBR,1994,-1.1986136
United Kingdom,GBR,1995,0.7725239
United Kingdom,GBR,1996,6.41495
United Kingdom,GBR,1997,3.670609
United Kingdom,GBR,1998,1.3652563
United Kingdom,GBR,1999,-4.3754997
United Kingdom,GBR,2000,-10.585374
United Kingdom,GBR,2001,5.913186
United Kingdom,GBR,2002,-2.4911046
United Kingdom,GBR,2003,0.9537816
United Kingdom,GBR,2004,-9.79538
United Kingdom,GBR,2005,2.0237684
United Kingdom,GBR,2006,-7.5564623
United Kingdom,GBR,2007,-16.46416
United Kingdom,GBR,2008,-16.726654
United Kingdom,GBR,2009,31.650246
United Kingdom,GBR,2010,-10.069829
United Kingdom,GBR,2011,11.008703
United Kingdom,GBR,2012,2.0652533
United Kingdom,GBR,2013,0.28665066
United Kingdom,GBR,2014,-9.714246
United Kingdom,GBR,2015,10.348487
United Kingdom,GBR,2016,1.9634366
United Kingdom,GBR,2017,-1.937449
United Kingdom,GBR,2018,-7.496226
United Kingdom,GBR,2019,-13.648004
United Kingdom,GBR,2020,-10.51125
United Kingdom,GBR,2021,-8.772773
United States,USA,1966,50.953327
United States,USA,1967,38.6837
United States,USA,1968,63.658653
United States,USA,1969,11.169958
United States,USA,1970,56.552994
United States,USA,1971,74.75582
United States,USA,1972,41.95455
United States,USA,1973,54.331123
United States,USA,1974,36.531483
United States,USA,1975,51.352455
United States,USA,1976,10.781395
United States,USA,1977,31.281353
United States,USA,1978,10.171974
United States,USA,1979,-7.687485
United States,USA,1980,-1.5829742
United States,USA,1981,8.584869
United States,USA,1982,3.7039638
United States,USA,1983,3.856051
United States,USA,1984,11.562502
United States,USA,1985,17.109728
United States,USA,1986,7.909322
United States,USA,1987,9.95859
United States,USA,1988,15.749466
United States,USA,1989,0.45195818
United States,USA,1990,8.974504
United States,USA,1991,6.189251
United States,USA,1992,1.0139585
United States,USA,1993,-1.3712645
United States,USA,1994,4.940045
United States,USA,1995,5.1468253
United States,USA,1996,0.19696951
United States,USA,1997,-6.8300667
United States,USA,1998,7.1674705
United States,USA,1999,8.097351
United States,USA,2000,3.520584
United States,USA,2001,1.9808292
United States,USA,2002,1.4616847
United States,USA,2003,-2.0936012
United States,USA,2004,3.246653
United States,USA,2005,-0.829649
United States,USA,2006,0.6690979
United States,USA,2007,2.4397492
United States,USA,2008,-0.02682805
United States,USA,2009,-0.91214776
United States,USA,2010,1.0156631
United States,USA,2011,-2.0773947
United States,USA,2012,-2.6414812
United States,USA,2013,2.558744
United States,USA,2014,1.032865
United States,USA,2015,0.0014901161
United States,USA,2016,1.0682821
United States,USA,2017,-0.09237528
United States,USA,2018,0.26521683
United States,USA,2019,0.2880454
United States,USA,2020,-2.4129272
United States,USA,2021,-1.484698
Upper-middle-income countries,,1966,10.926353
Upper-middle-income countries,,1967,9.207714
Upper-middle-income countries,,1968,39.019608
Upper-middle-income countries,,1969,15.937937
Upper-middle-income countries,,1970,20.802916
Upper-middle-income countries,,1971,22.75932
Upper-middle-income countries,,1972,82.52667
Upper-middle-income countries,,1973,45.52809
Upper-middle-income countries,,1974,63.693764
Upper-middle-income countries,,1975,43.808674
Upper-middle-income countries,,1976,35.7028
Upper-middle-income countries,,1977,28.08379
Upper-middle-income countries,,1978,4.640138
Upper-middle-income countries,,1979,11.785805
Upper-middle-income countries,,1980,20.351362
Upper-middle-income countries,,1981,20.133125
Upper-middle-income countries,,1982,13.982904
Upper-middle-income countries,,1983,12.623632
Upper-middle-income countries,,1984,31.170977
Upper-middle-income countries,,1985,-23.888493
Upper-middle-income countries,,1986,3.970778
Upper-middle-income countries,,1987,14.243114
Upper-middle-income countries,,1988,11.277187
Upper-middle-income countries,,1989,0.955832
Upper-middle-income countries,,1990,-9.124577
Upper-middle-income countries,,1991,1.5575409
Upper-middle-income countries,,1992,-1.6647995
Upper-middle-income countries,,1993,1.2351632
Upper-middle-income countries,,1994,-3.2588005
Upper-middle-income countries,,1995,5.6588054
Upper-middle-income countries,,1996,8.44146
Upper-middle-income countries,,1997,4.7206163
Upper-middle-income countries,,1998,-3.8223267
Upper-middle-income countries,,1999,10.397172
Upper-middle-income countries,,2000,6.666243
Upper-middle-income countries,,2001,7.6508284
Upper-middle-income countries,,2002,6.2204003
Upper-middle-income countries,,2003,11.147701
Upper-middle-income countries,,2004,-0.14634132
Upper-middle-income countries,,2005,2.307403
Upper-middle-income countries,,2006,4.9719095
Upper-middle-income countries,,2007,2.5503516
Upper-middle-income countries,,2008,5.8620334
Upper-middle-income countries,,2009,0.8090496
Upper-middle-income countries,,2010,2.6484966
Upper-middle-income countries,,2011,6.41346
Upper-middle-income countries,,2012,4.2093635
Upper-middle-income countries,,2013,2.9025912
Upper-middle-income countries,,2014,7.9806805
Upper-middle-income countries,,2015,13.883532
Upper-middle-income countries,,2016,10.727477
Upper-middle-income countries,,2017,7.9329133
Upper-middle-income countries,,2018,9.4374895
Upper-middle-income countries,,2019,10.458994
Upper-middle-income countries,,2020,4.0177464
Upper-middle-income countries,,2021,7.712865
World,OWID_WRL,1966,34.822475
World,OWID_WRL,1967,19.088291
World,OWID_WRL,1968,27.086628
World,OWID_WRL,1969,18.55625
World,OWID_WRL,1970,27.663158
World,OWID_WRL,1971,39.086723
World,OWID_WRL,1972,38.7141
World,OWID_WRL,1973,33.99137
World,OWID_WRL,1974,30.749405
World,OWID_WRL,1975,38.727715
World,OWID_WRL,1976,16.986216
World,OWID_WRL,1977,24.470388
World,OWID_WRL,1978,16.20034
World,OWID_WRL,1979,4.0053964
World,OWID_WRL,1980,9.382093
World,OWID_WRL,1981,18.095541
World,OWID_WRL,1982,8.495605
World,OWID_WRL,1983,13.334597
World,OWID_WRL,1984,21.353554
World,OWID_WRL,1985,18.679977
World,OWID_WRL,1986,7.106757
World,OWID_WRL,1987,8.778727
World,OWID_WRL,1988,9.022486
World,OWID_WRL,1989,2.8426409
World,OWID_WRL,1990,2.8509617
World,OWID_WRL,1991,4.7845364
World,OWID_WRL,1992,0.7592082
World,OWID_WRL,1993,3.443849
World,OWID_WRL,1994,1.8774033
World,OWID_WRL,1995,4.337764
World,OWID_WRL,1996,3.6343932
World,OWID_WRL,1997,-0.686574
World,OWID_WRL,1998,1.7213583
World,OWID_WRL,1999,3.8056254
World,OWID_WRL,2000,2.2562385
World,OWID_WRL,2001,2.8233767
World,OWID_WRL,2002,1.5978336
World,OWID_WRL,2003,-2.025181
World,OWID_WRL,2004,4.544151
World,OWID_WRL,2005,0.2629757
World,OWID_WRL,2006,1.2459397
World,OWID_WRL,2007,-2.0381212
World,OWID_WRL,2008,-0.31032562
World,OWID_WRL,2009,-1.4144838
World,OWID_WRL,2010,2.5758743
World,OWID_WRL,2011,-4.1838226
World,OWID_WRL,2012,-6.857109
World,OWID_WRL,2013,0.799489
World,OWID_WRL,2014,2.0417094
World,OWID_WRL,2015,1.3461113
World,OWID_WRL,2016,1.4875531
World,OWID_WRL,2017,0.8924961
World,OWID_WRL,2018,2.397573
World,OWID_WRL,2019,3.5508633
World,OWID_WRL,2020,-3.6610365
World,OWID_WRL,2021,3.945434